{"cameraMode":{"drawMode":0,"name":"Shaded","section":"Shading Mode"},"sceneLighting":false,"audioPlay":false,"sceneViewState":{"m_AlwaysRefresh":false,"showFog":true,"showSkybox":false,"showFlares":true,"showImageEffects":true,"showParticleSystems":true,"showVisualEffectGraphs":true,"m_FxEnabled":true},"in2DMode":false,"pivot":{"x":5.459254264831543,"y":1.1236371994018555,"z":2.6005477905273439},"rotation":{"x":0.23741410672664643,"y":-0.39633938670158389,"z":0.10687725991010666,"w":0.8804087042808533},"size":10.672916412353516,"orthographic":true}