{"cameraMode":{"drawMode":0,"name":"Shaded","section":"Shading Mode"},"sceneLighting":false,"audioPlay":false,"sceneViewState":{"m_AlwaysRefresh":false,"showFog":true,"showSkybox":false,"showFlares":true,"showImageEffects":true,"showParticleSystems":true,"showVisualEffectGraphs":true,"m_FxEnabled":true},"in2DMode":false,"pivot":{"x":0.07886140048503876,"y":-1.2686185836791993,"z":0.30950766801834109},"rotation":{"x":0.30575117468833926,"y":-0.3917475640773773,"z":0.1398533284664154,"w":0.8564437627792358},"size":11.715980529785157,"orthographic":true}