{"cameraMode":{"drawMode":0,"name":"Shaded","section":"Shading Mode"},"sceneLighting":false,"audioPlay":false,"sceneViewState":{"m_AlwaysRefresh":false,"showFog":true,"showSkybox":false,"showFlares":true,"showImageEffects":true,"showParticleSystems":true,"showVisualEffectGraphs":true,"m_FxEnabled":true},"in2DMode":false,"pivot":{"x":-4.3070526123046879,"y":1.255000114440918,"z":-26.100000381469728},"rotation":{"x":0.2999166250228882,"y":0.35449135303497317,"z":-0.12118423730134964,"w":0.8773279786109924},"size":10.358960151672364,"orthographic":true}