{"cameraMode":{"drawMode":0,"name":"Shaded","section":"Shading Mode"},"sceneLighting":false,"audioPlay":false,"sceneViewState":{"m_AlwaysRefresh":false,"showFog":true,"showSkybox":false,"showFlares":true,"showImageEffects":true,"showParticleSystems":true,"showVisualEffectGraphs":true,"m_FxEnabled":true},"in2DMode":false,"pivot":{"x":-0.16598021984100343,"y":34.3731575012207,"z":-1.2036147117614747},"rotation":{"x":0.31265920400619509,"y":0.35524505376815798,"z":-0.12740424275398255,"w":0.8716382384300232},"size":7.5886054039001469,"orthographic":true}