{"cameraMode":{"drawMode":0,"name":"Shaded","section":"Shading Mode"},"sceneLighting":false,"audioPlay":false,"sceneViewState":{"m_AlwaysRefresh":false,"showFog":true,"showSkybox":false,"showFlares":true,"showImageEffects":true,"showParticleSystems":true,"showVisualEffectGraphs":true,"m_FxEnabled":true},"in2DMode":false,"pivot":{"x":1.660921573638916,"y":0.6973495483398438,"z":-0.6735210418701172},"rotation":{"x":0.24803206324577332,"y":0.2771228849887848,"z":-0.07426639646291733,"w":0.9252786636352539},"size":11.714673042297364,"orthographic":true}