{"cameraMode":{"drawMode":0,"name":"Shaded","section":"Shading Mode"},"sceneLighting":false,"audioPlay":false,"sceneViewState":{"m_AlwaysRefresh":false,"showFog":true,"showSkybox":false,"showFlares":true,"showImageEffects":true,"showParticleSystems":true,"showVisualEffectGraphs":true,"m_FxEnabled":true},"in2DMode":false,"pivot":{"x":-1.138749599456787,"y":66.70036315917969,"z":0.014662764966487885},"rotation":{"x":0.31265920400619509,"y":0.35524505376815798,"z":-0.12740424275398255,"w":0.8716382384300232},"size":10.088523864746094,"orthographic":true}