{"cameraMode":{"drawMode":0,"name":"Shaded","section":"Shading Mode"},"sceneLighting":false,"audioPlay":false,"sceneViewState":{"m_AlwaysRefresh":false,"showFog":true,"showSkybox":false,"showFlares":true,"showImageEffects":true,"showParticleSystems":true,"showVisualEffectGraphs":true,"m_FxEnabled":true},"in2DMode":false,"pivot":{"x":-4.321741104125977,"y":0.21204662322998048,"z":-27.173982620239259},"rotation":{"x":0.3131140172481537,"y":0.31761467456817629,"z":-0.11199305951595307,"w":0.8879804611206055},"size":11.19817066192627,"orthographic":false}