{"cameraMode":{"drawMode":0,"name":"Shaded","section":"Shading Mode"},"sceneLighting":false,"audioPlay":false,"sceneViewState":{"m_AlwaysRefresh":false,"showFog":true,"showSkybox":false,"showFlares":true,"showImageEffects":true,"showParticleSystems":true,"showVisualEffectGraphs":true,"m_FxEnabled":true},"in2DMode":false,"pivot":{"x":0.4842853546142578,"y":-0.7778112888336182,"z":-0.5375809669494629},"rotation":{"x":0.2868364155292511,"y":0.15433675050735475,"z":-0.04682714864611626,"w":0.9442639350891113},"size":11.532902717590332,"orthographic":true}