{"cameraMode":{"drawMode":0,"name":"Shaded","section":"Shading Mode"},"sceneLighting":false,"audioPlay":false,"sceneViewState":{"m_AlwaysRefresh":false,"showFog":true,"showSkybox":false,"showFlares":true,"showImageEffects":true,"showParticleSystems":true,"showVisualEffectGraphs":true,"m_FxEnabled":true},"in2DMode":false,"pivot":{"x":-0.09057009220123291,"y":0.579870343208313,"z":-0.16670680046081544},"rotation":{"x":0.31792789697647097,"y":0.37849336862564089,"z":-0.14026260375976563,"w":0.8578969240188599},"size":2.7921314239501955,"orthographic":true}