{"cameraMode":{"drawMode":0,"name":"Shaded","section":"Shading Mode"},"sceneLighting":false,"audioPlay":false,"sceneViewState":{"m_AlwaysRefresh":false,"showFog":true,"showSkybox":false,"showFlares":true,"showImageEffects":true,"showParticleSystems":true,"showVisualEffectGraphs":true,"m_FxEnabled":true},"in2DMode":false,"pivot":{"x":-0.0022390857338905336,"y":0.027882426977157594,"z":-0.15543073415756226},"rotation":{"x":0.292067289352417,"y":0.36460021138191225,"z":-0.12157002836465836,"w":0.8757401704788208},"size":0.32042187452316286,"orthographic":true}